1, Original, 0.0
1, Original, 0.10464799404144287
1, Original, 0.021266937255859375
1, Original, 0.025678038597106934
1, Original, 0.02539694309234619
1, Original, 0.02049100399017334
1, Original, 0.024245023727416992
1, Original, 0.02512502670288086
1, Original, 0.02280294895172119
1, Original, 0.029539942741394043
1, Original, 0.023846983909606934
1, Original, 0.026057958602905273
1, Original, 0.0233839750289917
1, Original, 0.028010010719299316
1, Original, 0.028071045875549316
1, Original, 0.021905064582824707
1, Original, 0.028047919273376465
1, Original, 0.021626949310302734
1, Original, 0.023048043251037598
1, Original, 0.0347139835357666
1, Original, 0.02644503116607666
1, Original, 0.03272998332977295
1, Original, 0.030179977416992188
1, Original, 0.025436997413635254
1, Original, 0.021530985832214355
1, Original, 0.02742302417755127
1, Original, 0.019335031509399414
1, Original, 0.018561959266662598
1, Original, 0.023277997970581055
1, Original, 0.023373961448669434
1, Original, 0.016060948371887207
1, Original, 0.022274017333984375
1, Original, 0.02223801612854004
1, Original, 0.024747014045715332
1, Original, 0.022628068923950195
1, Original, 0.02259206771850586
1, Original, 0.02447199821472168
1, Original, 0.02212703227996826
1, Original, 0.023272037506103516
1, Original, 0.022499918937683105
1, Original, 0.035127997398376465
1, Original, 0.03501999378204346
1, Original, 0.022105932235717773
1, Original, 0.03414297103881836
1, Original, 0.0234910249710083
1, Original, 0.021131038665771484
1, Original, 0.02331399917602539
1, Original, 0.016780972480773926
1, Original, 0.035157084465026855
1, Original, 0.02927398681640625
1, Original, 0.04317593574523926
1, Original, 0.022181034088134766
1, Original, 0.022143006324768066
1, Original, 0.018610000610351562
1, Original, 0.04368400573730469
1, Original, 0.020914912223815918
1, Original, 0.02133798599243164
1, Original, 0.022351980209350586
1, Original, 0.023551106452941895
1, Original, 0.025332093238830566
1, Original, 0.023186087608337402
1, Original, 0.024930953979492188
1, Original, 0.02425205707550049
1, Original, 0.01848900318145752
1, Original, 0.02099001407623291
1, Original, 0.02102196216583252
1, Original, 0.05227804183959961
1, Original, 0.026877999305725098
1, Original, 0.024446964263916016
1, Original, 0.02687704563140869
1, Original, 0.018174052238464355
1, Original, 0.024936914443969727
1, Original, 0.018687963485717773
1, Original, 0.05299699306488037
1, Original, 0.047886013984680176
1, Original, 0.0449749231338501
1, Original, 0.028589963912963867
1, Original, 0.0220719575881958
1, Original, 0.021052002906799316
1, Original, 0.021490931510925293
1, Original, 0.023566007614135742
1, Original, 0.02374100685119629
1, Original, 0.02279806137084961
1, Original, 0.01881396770477295
1, Original, 0.025789976119995117
1, Original, 0.026726961135864258
1, Original, 0.021234989166259766
1, Original, 0.01968991756439209
1, Original, 0.02673804759979248
1, Original, 0.016510963439941406
1, Original, 0.022179007530212402
1, Original, 0.01712191104888916
1, Original, 0.020468950271606445
1, Inverse, 0.0
1, Inverse, 0.034230947494506836
1, Inverse, 0.016197919845581055
1, Inverse, 0.016456007957458496
1, Inverse, 0.02377796173095703
1, Inverse, 0.017338991165161133
1, Inverse, 0.025799989700317383
1, Inverse, 0.016296982765197754
1, Inverse, 0.019237041473388672
1, Inverse, 0.02135300636291504
1, Inverse, 0.015794992446899414
1, Inverse, 0.022774100303649902
1, Inverse, 0.023218989372253418
1, Inverse, 0.02066493034362793
1, Inverse, 0.02133500576019287
1, Inverse, 0.019571900367736816
1, Inverse, 0.018590092658996582
1, Inverse, 0.02017199993133545
1, Inverse, 0.02044391632080078
1, Inverse, 0.023231029510498047
1, Inverse, 0.022880077362060547
1, Inverse, 0.020874977111816406
1, Inverse, 0.037367939949035645
1, Inverse, 0.018882036209106445
1, Inverse, 0.01979804039001465
1, Inverse, 0.016363024711608887
1, Inverse, 0.02387702465057373
1, Inverse, 0.017210006713867188
1, Inverse, 0.018208980560302734
1, Inverse, 0.020241975784301758
1, Inverse, 0.0174180269241333
1, Inverse, 0.019877076148986816
1, Inverse, 0.01978600025177002
1, Inverse, 0.021358013153076172
1, Inverse, 0.02516305446624756
1, Inverse, 0.025421977043151855
1, Inverse, 0.021901965141296387
1, Inverse, 0.024650096893310547
1, Inverse, 0.023585915565490723
1, Inverse, 0.022616982460021973
1, Inverse, 0.02168893814086914
1, Inverse, 0.022702932357788086
1, Inverse, 0.015892982482910156
1, Inverse, 0.021394014358520508
1, Inverse, 0.022377967834472656
1, Inverse, 0.022112011909484863
1, Inverse, 0.019772052764892578
1, Inverse, 0.021368026733398438
1, Inverse, 0.01857304573059082
1, Inverse, 0.01585102081298828
1, Inverse, 0.025149941444396973
1, Inverse, 0.02113807201385498
1, Inverse, 0.021188974380493164
1, Inverse, 0.020596981048583984
1, Inverse, 0.02383601665496826
1, Inverse, 0.02460002899169922
1, Inverse, 0.018018007278442383
1, Inverse, 0.01763606071472168
1, Inverse, 0.016971945762634277
1, Inverse, 0.02043008804321289
1, Inverse, 0.01641702651977539
1, Inverse, 0.01987302303314209
1, Inverse, 0.021336913108825684
1, Inverse, 0.019406914710998535
1, Inverse, 0.02067697048187256
1, Inverse, 0.020158052444458008
1, Inverse, 0.021308064460754395
1, Inverse, 0.016855955123901367
1, Inverse, 0.01697099208831787
1, Inverse, 0.01711297035217285
1, Inverse, 0.01608407497406006
1, Inverse, 0.01828300952911377
1, Inverse, 0.017861008644104004
1, Inverse, 0.016453981399536133
1, Inverse, 0.016160964965820312
1, Inverse, 0.023807048797607422
1, Inverse, 0.01665198802947998
1, Inverse, 0.018069982528686523
1, Inverse, 0.018902063369750977
1, Inverse, 0.018209099769592285
1, Inverse, 0.022297024726867676
1, Inverse, 0.028787970542907715
1, Inverse, 0.01837003231048584
1, Inverse, 0.017547965049743652
1, Inverse, 0.021741032600402832
1, Inverse, 0.03748297691345215
1, Inverse, 0.03352391719818115
1, Inverse, 0.061582088470458984
1, Inverse, 0.02727508544921875
1, Inverse, 0.03903007507324219
1, Inverse, 0.022253990173339844
1, Inverse, 0.024523019790649414
1, Inverse, 0.02137899398803711
1, Inverse, 0.016484975814819336
1, Inverse, 0.015450000762939453
1, Inverse, 0.017731904983520508
1, Inverse, 0.017274975776672363
1, Inverse, 0.019917964935302734
1, Inverse, 0.01524198055267334
1, Inverse, 0.01918494701385498
1, Inverse, 0.019622087478637695
1, Inverse, 0.01772594451904297
1, Inverse, 0.020689964294433594
1, Inverse, 0.016220927238464355
1, Inverse, 0.02040994167327881
1, Inverse, 0.021867036819458008
1, Red Channel, 0.0
1, Red Channel, 0.025744915008544922
1, Red Channel, 0.024425029754638672
1, Red Channel, 0.0234910249710083
1, Red Channel, 0.02663099765777588
1, Red Channel, 0.022891998291015625
1, Red Channel, 0.020535945892333984
1, Red Channel, 0.028097033500671387
1, Red Channel, 0.02592003345489502
1, Red Channel, 0.024667024612426758
1, Red Channel, 0.024351954460144043
1, Red Channel, 0.02398097515106201
1, Red Channel, 0.020454049110412598
1, Red Channel, 0.029859066009521484
1, Red Channel, 0.024742960929870605
1, Red Channel, 0.025647997856140137
1, Red Channel, 0.025297999382019043
1, Red Channel, 0.021821022033691406
1, Red Channel, 0.023461103439331055
1, Red Channel, 0.02348005771636963
1, Red Channel, 0.023013949394226074
1, Red Channel, 0.023969054222106934
1, Red Channel, 0.02413809299468994
1, Red Channel, 0.023284077644348145
1, Red Channel, 0.023058056831359863
1, Red Channel, 0.02305591106414795
1, Red Channel, 0.02276599407196045
1, Red Channel, 0.023244023323059082
1, Red Channel, 0.023092031478881836
1, Red Channel, 0.021338939666748047
1, Red Channel, 0.024214982986450195
1, Red Channel, 0.031147003173828125
1, Red Channel, 0.020327091217041016
1, Red Channel, 0.024255037307739258
1, Red Channel, 0.023414969444274902
1, Red Channel, 0.025001049041748047
1, Red Channel, 0.02330803871154785
1, Red Channel, 0.01786196231842041
1, Red Channel, 0.021672964096069336
1, Red Channel, 0.02290499210357666
1, Red Channel, 0.0208359956741333
1, Red Channel, 0.024687886238098145
1, Red Channel, 0.019385933876037598
1, Red Channel, 0.024003028869628906
1, Red Channel, 0.02835094928741455
1, Red Channel, 0.020457029342651367
1, Red Channel, 0.024734020233154297
1, Red Channel, 0.02329099178314209
1, Red Channel, 0.0246199369430542
1, Red Channel, 0.022272944450378418
1, Red Channel, 0.025136947631835938
1, Red Channel, 0.024032950401306152
1, Red Channel, 0.022076964378356934
1, Red Channel, 0.027943968772888184
1, Red Channel, 0.0256880521774292
1, Red Channel, 0.021815061569213867
1, Red Channel, 0.031683921813964844
1, Red Channel, 0.02398097515106201
1, Red Channel, 0.03621995449066162
1, Red Channel, 0.030938029289245605
1, Red Channel, 0.0397799015045166
1, Red Channel, 0.039515018463134766
1, Red Channel, 0.031623005867004395
1, Red Channel, 0.02483808994293213
1, Red Channel, 0.025750041007995605
1, Red Channel, 0.03263294696807861
1, Red Channel, 0.024862051010131836
1, Red Channel, 0.02477109432220459
1, Red Channel, 0.01926600933074951
1, Red Channel, 0.0313420295715332
1, Red Channel, 0.026239991188049316
1, Red Channel, 0.031654953956604004
1, Red Channel, 0.025596022605895996
1, Red Channel, 0.02679002285003662
1, Red Channel, 0.028468966484069824
1, Red Channel, 0.02710700035095215
1, Red Channel, 0.019493937492370605
1, Red Channel, 0.027563929557800293
1, Red Channel, 0.02793896198272705
1, Red Channel, 0.025323033332824707
1, Red Channel, 0.027205944061279297
1, Red Channel, 0.023684024810791016
1, Red Channel, 0.022396087646484375
1, Red Channel, 0.028789997100830078
1, Red Channel, 0.023523926734924316
1, Red Channel, 0.02481400966644287
1, Red Channel, 0.023350000381469727
1, Red Channel, 0.026049017906188965
1, Red Channel, 0.018975019454956055
1, Red Channel, 0.0263899564743042
1, Red Channel, 0.028872013092041016
1, Red Channel, 0.02513408660888672
1, Red Channel, 0.05299794673919678
1, Red Channel, 0.03481101989746094
1, Red Channel, 0.04686594009399414
1, Red Channel, 0.038227081298828125
1, Red Channel, 0.02436697483062744
1, Red Channel, 0.06253600120544434
1, Red Channel, 0.024188995361328125
1, Red Channel, 0.023128032684326172
1, Red Channel, 0.02626800537109375
1, Red Channel, 0.021618008613586426
1, Red Channel, 0.023318052291870117
1, Red Channel, 0.02329707145690918
1, Red Channel, 0.019787907600402832
1, Green Channel, 0.029209017753601074
1, Green Channel, 0.022472023963928223
1, Green Channel, 0.01917397975921631
1, Green Channel, 0.0220869779586792
1, Green Channel, 0.022348999977111816
1, Green Channel, 0.023852944374084473
1, Green Channel, 0.021574974060058594
1, Green Channel, 0.022320985794067383
1, Green Channel, 0.024682044982910156
1, Green Channel, 0.02182793617248535
1, Green Channel, 0.023059964179992676
1, Green Channel, 0.03440296649932861
1, Green Channel, 0.033172011375427246
1, Green Channel, 0.02810490131378174
1, Green Channel, 0.04720795154571533
1, Green Channel, 0.04755806922912598
1, Green Channel, 0.04433894157409668
1, Green Channel, 0.03219807147979736
1, Green Channel, 0.032798051834106445
1, Green Channel, 0.036889076232910156
1, Green Channel, 0.027186036109924316
1, Green Channel, 0.026734113693237305
1, Green Channel, 0.023800015449523926
1, Green Channel, 0.020630955696105957
1, Green Channel, 0.022656917572021484
1, Green Channel, 0.024165987968444824
1, Green Channel, 0.02388596534729004
1, Green Channel, 0.024978041648864746
1, Green Channel, 0.024430036544799805
1, Green Channel, 0.02411794662475586
1, Green Channel, 0.02414405345916748
1, Green Channel, 0.022427082061767578
1, Green Channel, 0.02296602725982666
1, Green Channel, 0.021903038024902344
1, Green Channel, 0.022861957550048828
1, Green Channel, 0.018230915069580078
1, Green Channel, 0.02011704444885254
1, Green Channel, 0.020881056785583496
1, Green Channel, 0.02622401714324951
1, Green Channel, 0.025177001953125
1, Green Channel, 0.023190975189208984
1, Green Channel, 0.019058942794799805
1, Green Channel, 0.0231170654296875
1, Green Channel, 0.024083971977233887
1, Green Channel, 0.023910045623779297
1, Green Channel, 0.02375507354736328
1, Green Channel, 0.02369999885559082
1, Green Channel, 0.023398995399475098
1, Green Channel, 0.028010964393615723
1, Green Channel, 0.023887991905212402
1, Green Channel, 0.021461009979248047
1, Green Channel, 0.027181029319763184
1, Green Channel, 0.02543199062347412
1, Green Channel, 0.024956107139587402
1, Green Channel, 0.02150905132293701
1, Green Channel, 0.02226400375366211
1, Green Channel, 0.024026989936828613
1, Green Channel, 0.0222550630569458
1, Green Channel, 0.021789908409118652
1, Green Channel, 0.025009989738464355
1, Green Channel, 0.02469801902770996
1, Green Channel, 0.03285503387451172
1, Green Channel, 0.030904054641723633
1, Green Channel, 0.023152947425842285
1, Green Channel, 0.026538968086242676
1, Green Channel, 0.02356696128845215
1, Green Channel, 0.031159043312072754
1, Green Channel, 0.029704928398132324
1, Green Channel, 0.022452950477600098
1, Green Channel, 0.02186107635498047
1, Green Channel, 0.024863004684448242
1, Green Channel, 0.023597002029418945
1, Green Channel, 0.027171015739440918
1, Green Channel, 0.023293018341064453
1, Green Channel, 0.023615002632141113
1, Green Channel, 0.024911046028137207
1, Green Channel, 0.019378066062927246
1, Green Channel, 0.02435600757598877
1, Green Channel, 0.02332592010498047
1, Green Channel, 0.026327013969421387
1, Green Channel, 0.024006962776184082
1, Green Channel, 0.019572973251342773
1, Green Channel, 0.02417004108428955
1, Green Channel, 0.022521018981933594
1, Green Channel, 0.022924065589904785
1, Green Channel, 0.02268195152282715
1, Green Channel, 0.02263498306274414
1, Green Channel, 0.03098297119140625
1, Green Channel, 0.05736398696899414
1, Green Channel, 0.04698598384857178
1, Green Channel, 0.033100008964538574
1, Green Channel, 0.022330045700073242
1, Green Channel, 0.024330973625183105
1, Green Channel, 0.025282979011535645
1, Green Channel, 0.024299025535583496
1, Green Channel, 0.034104108810424805
1, Green Channel, 0.028386950492858887
1, Green Channel, 0.027966022491455078
1, Green Channel, 0.01930105686187744
1, Green Channel, 0.025323033332824707
1, Green Channel, 0.02527904510498047
1, Green Channel, 0.022526025772094727
1, Blue Channel, 0.029262065887451172
1, Blue Channel, 0.025465011596679688
1, Blue Channel, 0.02475297451019287
1, Blue Channel, 0.02578592300415039
1, Blue Channel, 0.023138999938964844
1, Blue Channel, 0.02395796775817871
1, Blue Channel, 0.02526402473449707
1, Blue Channel, 0.021822094917297363
1, Blue Channel, 0.030795931816101074
1, Blue Channel, 0.026600003242492676
1, Blue Channel, 0.04605400562286377
1, Blue Channel, 0.054656982421875
1, Blue Channel, 0.045716047286987305
1, Blue Channel, 0.03521990776062012
1, Blue Channel, 0.024342894554138184
1, Blue Channel, 0.024397969245910645
1, Blue Channel, 0.02656102180480957
1, Blue Channel, 0.02639007568359375
1, Blue Channel, 0.02870500087738037
1, Blue Channel, 0.03469502925872803
1, Blue Channel, 0.025431036949157715
1, Blue Channel, 0.05368399620056152
1, Blue Channel, 0.047042012214660645
1, Blue Channel, 0.030773043632507324
1, Blue Channel, 0.03118598461151123
1, Blue Channel, 0.07194101810455322
1, Blue Channel, 0.0406339168548584
1, Blue Channel, 0.03306305408477783
1, Blue Channel, 0.024654030799865723
1, Blue Channel, 0.0256960391998291
1, Blue Channel, 0.03310096263885498
1, Blue Channel, 0.02559804916381836
1, Blue Channel, 0.03754699230194092
1, Blue Channel, 0.027225017547607422
1, Blue Channel, 0.03075695037841797
1, Blue Channel, 0.023969054222106934
1, Blue Channel, 0.02465498447418213
1, Blue Channel, 0.025830984115600586
1, Blue Channel, 0.02778303623199463
1, Blue Channel, 0.029475092887878418
1, Blue Channel, 0.0333019495010376
1, Blue Channel, 0.034736037254333496
1, Blue Channel, 0.03221309185028076
1, Blue Channel, 0.0320439338684082
1, Blue Channel, 0.03141510486602783
1, Blue Channel, 0.028233051300048828
1, Blue Channel, 0.04663991928100586
1, Blue Channel, 0.03364205360412598
1, Blue Channel, 0.02682805061340332
1, Blue Channel, 0.02356898784637451
1, Blue Channel, 0.02666497230529785
1, Blue Channel, 0.03312206268310547
1, Blue Channel, 0.03012394905090332
1, Blue Channel, 0.042814016342163086
1, Blue Channel, 0.029366016387939453
1, Blue Channel, 0.0299069881439209
1, Blue Channel, 0.0369640588760376
1, Blue Channel, 0.03957700729370117
1, Blue Channel, 0.042724013328552246
1, Blue Channel, 0.033319950103759766
1, Blue Channel, 0.06452298164367676
1, Blue Channel, 0.04600405693054199
1, Blue Channel, 0.028239011764526367
1, Blue Channel, 0.03629195690155029
1, Blue Channel, 0.028182029724121094
1, Blue Channel, 0.030899882316589355
1, Blue Channel, 0.025187969207763672
1, Blue Channel, 0.023766040802001953
1, Blue Channel, 0.029649972915649414
1, Blue Channel, 0.02414703369140625
1, Blue Channel, 0.027263998985290527
1, Blue Channel, 0.026742935180664062
1, Blue Channel, 0.03277397155761719
1, Blue Channel, 0.02974402904510498
1, Blue Channel, 0.04262900352478027
1, Blue Channel, 0.042266011238098145
1, Blue Channel, 0.03175091743469238
1, Blue Channel, 0.029338955879211426
1, Blue Channel, 0.039288997650146484
1, Blue Channel, 0.033468008041381836
1, Blue Channel, 0.028358936309814453
1, Blue Channel, 0.025332927703857422
1, Blue Channel, 0.039126038551330566
1, Blue Channel, 0.05720996856689453
1, Blue Channel, 0.03293895721435547
1, Blue Channel, 0.03054499626159668
1, Blue Channel, 0.029427051544189453
1, Blue Channel, 0.03243899345397949
1, Blue Channel, 0.02624809741973877
1, Blue Channel, 0.033583998680114746
1, Blue Channel, 0.026924967765808105
1, Blue Channel, 0.031507015228271484
1, Blue Channel, 0.03666698932647705
1, Blue Channel, 0.02491903305053711
1, Blue Channel, 0.03413498401641846
1, Blue Channel, 0.029626965522766113
1, Blue Channel, 0.028562068939208984
1, Blue Channel, 0.03515505790710449
1, Blue Channel, 0.03001999855041504
1, Blue Channel, 0.029539942741394043
1, Blue Channel, 0.03460097312927246
1, Blue Channel, 0.03313803672790527
1, Blue Channel, 0.035771965980529785
1, Blue Channel, 0.04017007350921631
1, Blue Channel, 0.02534306049346924
1, Blue Channel, 0.027508974075317383
1, Blue Channel, 0.03010404109954834
1, Blue Channel, 0.032649993896484375
1, Blue Channel, 0.027397990226745605
1, Blue Channel, 0.0294189453125
1, Blue Channel, 0.026368021965026855
1, Blue Channel, 0.029855012893676758
1, Blue Channel, 0.04839301109313965
1, Blue Channel, 0.035923004150390625
1, Blue Channel, 0.0391160249710083
1, Blue Channel, 0.03057706356048584
1, Blue Channel, 0.03500699996948242
1, Blue Channel, 0.027314066886901855
1, Blue Channel, 0.03279101848602295
1, Blue Channel, 0.023910999298095703
1, Original, 0.025614023208618164
1, Original, 0.0217210054397583
1, Original, 0.025413036346435547
1, Original, 0.01769101619720459
1, Original, 0.023350000381469727
1, Original, 0.02134096622467041
1, Original, 0.01646101474761963
1, Original, 0.024906039237976074
1, Original, 0.028939008712768555
1, Original, 0.04458904266357422
1, Original, 0.03833603858947754
1, Original, 0.06887304782867432
1, Original, 0.0507349967956543
1, Original, 0.051715970039367676
1, Original, 0.06452298164367676
1, Original, 0.07391202449798584
1, Original, 0.0856180191040039
1, Original, 0.10450494289398193
1, Original, 0.05326998233795166
1, Original, 0.04938697814941406
1, Original, 0.0745539665222168
1, Original, 0.05856597423553467
1, Original, 0.049510955810546875
1, Original, 0.048812031745910645
1, Original, 0.03333592414855957
1, Original, 0.02883601188659668
1, Original, 0.03896605968475342
1, Original, 0.027666926383972168
1, Original, 0.028526902198791504
1, Original, 0.03263592720031738
1, Original, 0.026813030242919922
1, Original, 0.027193069458007812
1, Original, 0.024113059043884277
1, Original, 0.025896072387695312
1, Original, 0.024130940437316895
1, Original, 0.02226102352142334
1, Original, 0.01867198944091797
1, Original, 0.02283298969268799
1, Original, 0.022609949111938477
1, Original, 0.02242100238800049
1, Original, 0.020010948181152344
1, Original, 0.018608927726745605
1, Original, 0.021247029304504395
1, Original, 0.02018105983734131
1, Original, 0.028860092163085938
1, Original, 0.021069049835205078
1, Original, 0.016222000122070312
1, Original, 0.016801953315734863
1, Original, 0.023378968238830566
1, Original, 0.020810961723327637
1, Original, 0.02060997486114502
1, Original, 0.02096402645111084
1, Original, 0.02198207378387451
1, Original, 0.020656943321228027
1, Original, 0.020512938499450684
1, Original, 0.017623066902160645
1, Original, 0.02099597454071045
1, Original, 0.019674062728881836
1, Original, 0.017632007598876953
1, Original, 0.02210402488708496
1, Original, 0.020629048347473145
1, Original, 0.028365015983581543
1, Original, 0.018058061599731445
1, Original, 0.0199660062789917
1, Original, 0.020630955696105957
1, Original, 0.01596999168395996
1, Original, 0.02078390121459961
1, Original, 0.020460009574890137
1, Original, 0.021287083625793457
1, Original, 0.0212860107421875
1, Original, 0.019155025482177734
1, Original, 0.020127058029174805
1, Original, 0.021189093589782715
1, Original, 0.02088296413421631
1, Original, 0.02221691608428955
1, Original, 0.01862800121307373
1, Original, 0.01688098907470703
1, Original, 0.02134406566619873
1, Original, 0.022755026817321777
1, Original, 0.021607041358947754
1, Original, 0.024029016494750977
1, Original, 0.02113795280456543
1, Original, 0.017547965049743652
1, Original, 0.019129037857055664
1, Original, 0.019997000694274902
1, Original, 0.017657995223999023
1, Original, 0.017138004302978516
1, Original, 0.01600193977355957
1, Original, 0.023593902587890625
1, Original, 0.015846967697143555
1, Original, 0.019881010055541992
1, Original, 0.02474796772003174
1, Original, 0.022825956344604492
1, Original, 0.01715707778930664
1, Original, 0.01636195182800293
1, Original, 0.015700936317443848
1, Original, 0.022734999656677246
1, Original, 0.022525906562805176
1, Original, 0.019473910331726074
1, Original, 0.021191000938415527
1, Original, 0.020679950714111328
1, Original, 0.020389914512634277
1, Original, 0.021618962287902832
1, Original, 0.01936197280883789
1, Original, 0.02034604549407959
1, Original, 0.01960897445678711
1, Original, 0.01628696918487549
1, Original, 0.016587018966674805
1, Original, 0.017441987991333008
1, Original, 0.015951991081237793
1, Original, 0.017422080039978027
1, Original, 0.019921064376831055
1, Original, 0.016485929489135742
1, Original, 0.02187502384185791
1, Original, 0.019444942474365234
1, Original, 0.02056300640106201
1, Original, 0.0216599702835083
1, Original, 0.02175295352935791
1, Original, 0.016955971717834473
1, Original, 0.02274608612060547
1, Original, 0.02097010612487793
1, Original, 0.024865031242370605
1, Original, 0.021592020988464355
1, Original, 0.017416000366210938
1, Original, 0.021296977996826172
1, Original, 0.02194809913635254
1, Original, 0.028118014335632324
1, Original, 0.016476035118103027
1, Original, 0.02117002010345459
1, Original, 0.022329092025756836
1, Original, 0.019250035285949707
1, Original, 0.021516084671020508
1, Original, 0.02097904682159424
1, Original, 0.019492030143737793
1, Original, 0.020447969436645508
1, Original, 0.02218794822692871
1, Original, 0.020959019660949707
1, Original, 0.01665794849395752
1, Original, 0.023736953735351562
1, Original, 0.022417068481445312
1, Original, 0.021212100982666016
1, Original, 0.021216988563537598
1, Original, 0.02172696590423584
1, Original, 0.021458983421325684
1, Original, 0.0203859806060791
1, Original, 0.02151203155517578
1, Original, 0.021703004837036133
1, Original, 0.02011895179748535
1, Original, 0.01945805549621582
1, Original, 0.023553967475891113
1, Original, 0.01575601100921631
1, Original, 0.015347957611083984
1, Original, 0.02159905433654785
1, Original, 0.02052605152130127
1, Original, 0.024055004119873047
1, Original, 0.02160799503326416
1, Original, 0.020753979682922363
1, Original, 0.02766406536102295
1, Original, 0.019035935401916504
1, Original, 0.018770933151245117
1, Original, 0.015600919723510742
1, Original, 0.02492201328277588
1, Original, 0.015249967575073242
1, Original, 0.02188694477081299
1, Original, 0.018049001693725586
1, Original, 0.0187530517578125
1, Original, 0.016515016555786133
1, Original, 0.018039941787719727
1, Original, 0.021928071975708008
1, Original, 0.016937971115112305
1, Original, 0.021798014640808105
1, Original, 0.021804094314575195
1, Original, 0.02142798900604248
1, Original, 0.01823294162750244
1, Original, 0.018152952194213867
1, Original, 0.015185952186584473
1, Original, 0.019853949546813965
1, Original, 0.01599407196044922
1, Original, 0.017911076545715332
1, Original, 0.017333030700683594
1, Original, 0.02177107334136963
1, Original, 0.018468022346496582
1, Original, 0.016566991806030273
1, Original, 0.02149796485900879
1, Original, 0.01656198501586914
1, Original, 0.022151947021484375
1, Original, 0.01973700523376465
1, Original, 0.020393013954162598
1, Original, 0.02215707302093506
1, Original, 0.021172046661376953
1, Original, 0.01714003086090088
1, Original, 0.02171504497528076
1, Original, 0.015995025634765625
1, Original, 0.023138046264648438
1, Original, 0.02072608470916748
1, Original, 0.022807002067565918
1, Original, 0.02102506160736084
1, Original, 0.018037080764770508
1, Original, 0.017515063285827637
1, Original, 0.019083023071289062
1, Original, 0.017928004264831543
1, Original, 0.016186952590942383
1, Original, 0.016681909561157227
1, Original, 0.023095011711120605
1, Original, 0.016682982444763184
1, Original, 0.0156400203704834
1, Original, 0.023339033126831055
1, Original, 0.015130996704101562
1, Original, 0.020793914794921875
1, Original, 0.016764044761657715
1, Original, 0.027899980545043945
1, Original, 0.02401602268218994
1, Original, 0.022114038467407227
1, Original, 0.015846967697143555
1, Original, 0.02077007293701172
1, Original, 0.02320706844329834
1, Original, 0.016195058822631836
1, Original, 0.02153301239013672
1, Original, 0.021867990493774414
1, Original, 0.021883010864257812
1, Original, 0.022045016288757324
1, Original, 0.024640917778015137
1, Original, 0.01634502410888672
1, Original, 0.033087968826293945
1, Original, 0.028129935264587402
1, Original, 0.02407205104827881
1, Original, 0.02378702163696289
1, Original, 0.0230410099029541
1, Original, 0.02147197723388672
1, Original, 0.022718071937561035
1, Original, 0.021604061126708984
1, Original, 0.0187760591506958
1, Original, 0.021058082580566406
1, Original, 0.021699905395507812
1, Original, 0.021970033645629883
1, Original, 0.019565939903259277
1, Original, 0.020443081855773926
1, Original, 0.018550992012023926
1, Original, 0.030413031578063965
1, Original, 0.03001999855041504
1, Original, 0.019461989402770996
0, Original, 0.021571040153503418
0, Original, 0.42626798152923584
0, Original, 0.6586610078811646
0, Original, 0.622594952583313
0, Original, 0.5945680141448975
0, Original, 0.5436300039291382
0, Original, 0.48367011547088623
0, Original, 0.42560601234436035
0, Original, 0.5045410394668579
0, Original, 0.40017902851104736
0, Original, 0.4060410261154175
0, Original, 0.3975940942764282
0, Original, 0.40515291690826416
0, Original, 0.39745092391967773
0, Original, 0.39997196197509766
0, Original, 0.5854610204696655
0, Original, 0.4376380443572998
0, Original, 0.4321659803390503
0, Original, 0.3986250162124634
0, Original, 0.40531790256500244
0, Original, 0.40248990058898926
0, Original, 0.4021129608154297
0, Original, 0.40462803840637207
0, Original, 0.3995070457458496
0, Original, 0.40299296379089355
0, Original, 0.4042530059814453
0, Original, 0.41842198371887207
0, Original, 0.42417407035827637
0, Original, 0.44029688835144043
0, Original, 0.4662679433822632
0, Original, 0.4735400676727295
0, Original, 0.4708009958267212
0, Original, 0.5061910152435303
0, Original, 0.4561290740966797
0, Original, 0.44801294803619385
0, Original, 0.4585449695587158
0, Original, 0.49442195892333984
0, Original, 0.4398869276046753
0, Original, 0.6931890249252319
0, Original, 0.6789089441299438
0, Original, 0.48718202114105225
0, Original, 0.5211039781570435
0, Original, 0.4696449041366577
0, Original, 0.41028594970703125
0, Original, 0.4022480249404907
0, Original, 0.40582799911499023
0, Original, 0.4061880111694336
0, Original, 0.39936506748199463
0, Original, 0.39982497692108154
0, Original, 0.40091395378112793
0, Original, 0.400797963142395
0, Original, 0.3999059200286865
0, Original, 0.4013559818267822
0, Original, 0.39904701709747314
0, Original, 0.39999592304229736
0, Original, 0.39925599098205566
0, Original, 0.4006040096282959
0, Original, 0.4009740352630615
0, Original, 0.4025689363479614
0, Original, 0.4043630361557007
0, Original, 0.40064001083374023
0, Original, 0.3972738981246948
0, Original, 0.4104900360107422
0, Original, 0.39909303188323975
0, Original, 0.401400089263916
0, Original, 0.39980804920196533
0, Original, 0.4010610580444336
0, Original, 0.4035210609436035
0, Original, 0.40421199798583984
0, Original, 0.40717005729675293
0, Original, 0.39978599548339844
0, Original, 0.41390490531921387
0, Original, 0.4008290767669678
0, Original, 0.402940034866333
0, Original, 0.4101639986038208
0, Original, 0.4005460739135742
0, Original, 0.4018130302429199
0, Original, 0.40213799476623535
0, Original, 0.4011099338531494
0, Original, 0.40195703506469727
0, Original, 0.4039520025253296
0, Original, 0.4055370092391968
0, Original, 0.4049339294433594
0, Original, 0.40806007385253906
0, Original, 0.40365397930145264
0, Original, 0.4071429967880249
0, Original, 0.40798497200012207
0, Original, 0.4055260419845581
0, Original, 0.41187894344329834
0, Original, 0.4031970500946045
0, Original, 0.40676701068878174
0, Original, 0.40007197856903076
0, Original, 0.43726301193237305
0, Original, 0.4079780578613281
0, Original, 0.399151086807251
0, Original, 0.4766099452972412
0, Original, 0.40859508514404297
0, Original, 0.45511090755462646
0, Original, 0.49690306186676025
0, Original, 0.40124595165252686
0, Original, 0.4024980068206787
0, Original, 0.39915406703948975
0, Original, 0.417322039604187
0, Original, 0.40032100677490234
0, Original, 0.40179193019866943
0, Original, 0.40195298194885254
0, Original, 0.3989109992980957
0, Original, 0.4033169746398926
0, Original, 0.39900290966033936
0, Original, 0.4008430242538452
0, Original, 0.4042479991912842
0, Original, 0.40069401264190674
0, Original, 0.404621958732605
0, Original, 0.4016679525375366
0, Original, 0.4021099805831909
0, Original, 0.4156990051269531
0, Original, 0.40617406368255615
0, Original, 0.40183305740356445
0, Original, 0.5735560655593872
0, Original, 0.5932539701461792
0, Original, 0.40592503547668457
0, Original, 0.45475804805755615
0, Original, 0.43490099906921387
0, Original, 0.4236410856246948
0, Original, 0.4939779043197632
0, Inverse, 0.4208320379257202
0, Inverse, 0.45475709438323975
0, Inverse, 0.4532809257507324
0, Inverse, 0.4520270824432373
0, Inverse, 0.4554619789123535
0, Inverse, 0.45218491554260254
0, Inverse, 0.8082849979400635
0, Inverse, 0.5817919969558716
0, Inverse, 0.8773119449615479
0, Inverse, 0.5874589681625366
0, Inverse, 0.5751430988311768
0, Inverse, 0.4837920665740967
0, Inverse, 0.5186170339584351
0, Inverse, 0.541504979133606
0, Inverse, 0.6470010280609131
0, Inverse, 0.7926450967788696
0, Inverse, 0.6015479564666748
0, Inverse, 0.5273809432983398
0, Inverse, 0.4602760076522827
0, Inverse, 0.5407660007476807
0, Inverse, 0.45042502880096436
0, Inverse, 0.4547649621963501
0, Inverse, 0.45442402362823486
0, Inverse, 0.45351696014404297
0, Inverse, 0.4560359716415405
0, Inverse, 0.45665597915649414
0, Inverse, 0.4571800231933594
0, Inverse, 0.45081794261932373
0, Inverse, 0.4994460344314575
0, Inverse, 0.5797189474105835
0, Inverse, 0.5879300832748413
0, Inverse, 0.47347700595855713
0, Inverse, 0.4644659757614136
0, Inverse, 0.7006769180297852
0, Inverse, 0.49187707901000977
0, Inverse, 0.6821789741516113
0, Inverse, 0.46328306198120117
0, Inverse, 0.45671093463897705
0, Inverse, 0.4509230852127075
0, Inverse, 0.45647501945495605
0, Inverse, 0.449863076210022
0, Inverse, 0.456496000289917
0, Inverse, 0.4551260471343994
0, Inverse, 0.45405805110931396
0, Inverse, 0.4539560079574585
0, Inverse, 0.45103609561920166
0, Inverse, 0.46087098121643066
0, Inverse, 0.45660603046417236
0, Inverse, 0.4563390016555786
0, Inverse, 0.45619499683380127
0, Inverse, 0.4792749881744385
0, Inverse, 0.45270800590515137
0, Inverse, 0.4537619352340698
0, Inverse, 0.45147597789764404
0, Inverse, 0.47832798957824707
0, Inverse, 0.45433104038238525
0, Inverse, 0.4995269775390625
0, Inverse, 0.471640944480896
0, Inverse, 0.4624040126800537
0, Inverse, 0.45262694358825684
0, Inverse, 0.4543410539627075
0, Inverse, 0.4563559293746948
0, Inverse, 0.4511970281600952
0, Inverse, 0.4542731046676636
0, Inverse, 0.4535179138183594
0, Inverse, 0.4584949016571045
0, Inverse, 0.4672600030899048
0, Inverse, 0.45787203311920166
0, Inverse, 0.4600330591201782
0, Inverse, 0.4604370594024658
0, Inverse, 0.45664501190185547
0, Inverse, 0.45148396492004395
0, Inverse, 0.45511603355407715
0, Inverse, 0.45477306842803955
0, Inverse, 0.4550110101699829
0, Inverse, 0.45168304443359375
0, Inverse, 0.4736809730529785
0, Inverse, 0.4641139507293701
0, Inverse, 0.4611790180206299
0, Inverse, 0.45880889892578125
0, Inverse, 0.4566000699996948
0, Inverse, 0.4621809720993042
0, Inverse, 0.4693039655685425
0, Inverse, 0.45699095726013184
0, Inverse, 0.4599720239639282
0, Inverse, 0.4543050527572632
0, Inverse, 0.4582449197769165
0, Inverse, 0.4658370018005371
0, Inverse, 0.4664299488067627
0, Inverse, 0.47127604484558105
0, Inverse, 0.4654759168624878
0, Inverse, 0.46908092498779297
0, Inverse, 0.5290800333023071
0, Inverse, 0.5171960592269897
0, Inverse, 0.46726393699645996
0, Inverse, 0.4722830057144165
0, Inverse, 0.4625049829483032
0, Inverse, 0.48458802700042725
0, Inverse, 0.46242499351501465
0, Inverse, 0.4602630138397217
0, Inverse, 0.46422600746154785
0, Inverse, 0.45874106884002686
0, Inverse, 0.45056891441345215
0, Inverse, 0.45768702030181885
0, Inverse, 0.45308995246887207
0, Inverse, 0.5367299318313599
0, Inverse, 0.5225980281829834
0, Red Channel, 0.4666149616241455
0, Red Channel, 0.48997700214385986
0, Red Channel, 0.6579380035400391
0, Red Channel, 0.5008220672607422
0, Red Channel, 0.49092602729797363
0, Red Channel, 0.48859703540802
0, Red Channel, 0.49431300163269043
0, Red Channel, 0.5119519233703613
0, Red Channel, 0.785256028175354
0, Red Channel, 0.5685539245605469
0, Red Channel, 0.4960869550704956
0, Red Channel, 0.4919019937515259
0, Red Channel, 0.4918999671936035
0, Red Channel, 0.49083590507507324
0, Red Channel, 0.48324406147003174
0, Red Channel, 0.49435293674468994
0, Red Channel, 0.4913240671157837
0, Red Channel, 0.4899369478225708
0, Red Channel, 0.4850130081176758
0, Red Channel, 0.485584020614624
0, Red Channel, 0.4834330081939697
0, Red Channel, 0.48267602920532227
0, Red Channel, 0.4815189838409424
0, Red Channel, 0.4864029884338379
0, Red Channel, 0.48702895641326904
0, Red Channel, 0.48565804958343506
0, Red Channel, 0.5040650367736816
0, Red Channel, 0.4895080327987671
0, Red Channel, 0.4855179786682129
0, Red Channel, 0.5586199760437012
0, Red Channel, 0.49844205379486084
0, Red Channel, 0.48679494857788086
0, Red Channel, 0.4865649938583374
0, Red Channel, 0.48306000232696533
0, Red Channel, 0.4895210266113281
0, Red Channel, 0.4968029260635376
0, Red Channel, 0.4878239631652832
0, Red Channel, 0.4867180585861206
0, Red Channel, 0.48268890380859375
0, Red Channel, 0.4847639799118042
0, Red Channel, 0.4818810224533081
0, Red Channel, 0.48939597606658936
0, Red Channel, 0.4833871126174927
0, Red Channel, 0.484699010848999
0, Red Channel, 0.48572802543640137
0, Red Channel, 0.48739397525787354
0, Red Channel, 0.48332202434539795
0, Red Channel, 0.958528995513916
0, Red Channel, 0.5302350521087646
0, Red Channel, 0.5299370288848877
0, Red Channel, 0.49028003215789795
0, Red Channel, 0.49749696254730225
0, Red Channel, 0.5005539655685425
0, Red Channel, 0.4897550344467163
0, Red Channel, 0.5003529787063599
0, Red Channel, 0.534572958946228
0, Red Channel, 0.4868539571762085
0, Red Channel, 0.5109199285507202
0, Red Channel, 0.5720160007476807
0, Red Channel, 0.48850202560424805
0, Red Channel, 0.4936619997024536
0, Red Channel, 0.4964669942855835
0, Red Channel, 0.49324893951416016
0, Red Channel, 0.4834020137786865
0, Red Channel, 0.4876049757003784
0, Red Channel, 0.4877359867095947
0, Red Channel, 0.521016001701355
0, Red Channel, 0.49946296215057373
0, Red Channel, 0.5175250768661499
0, Red Channel, 0.49408507347106934
0, Red Channel, 0.4919919967651367
0, Red Channel, 0.49010705947875977
0, Red Channel, 0.49402594566345215
0, Red Channel, 0.49248600006103516
0, Red Channel, 0.5453799962997437
0, Red Channel, 0.5018489360809326
0, Red Channel, 0.5199940204620361
0, Red Channel, 0.4838690757751465
0, Red Channel, 0.5171109437942505
0, Red Channel, 0.4910600185394287
0, Red Channel, 0.48335492610931396
0, Red Channel, 0.49868500232696533
0, Red Channel, 0.4943380355834961
0, Red Channel, 0.48529207706451416
0, Red Channel, 0.4889199733734131
0, Red Channel, 0.4880260229110718
0, Red Channel, 0.5155540704727173
0, Red Channel, 0.49001598358154297
0, Red Channel, 0.5183769464492798
0, Red Channel, 0.5892819166183472
0, Red Channel, 0.5149270296096802
0, Red Channel, 0.49611401557922363
0, Red Channel, 0.5015599727630615
0, Red Channel, 0.5065710544586182
0, Red Channel, 0.528643012046814
0, Red Channel, 0.5158189535140991
0, Red Channel, 0.4903329610824585
0, Red Channel, 0.49124395847320557
0, Red Channel, 0.6578869819641113
0, Green Channel, 0.504317045211792
0, Green Channel, 0.5090090036392212
0, Green Channel, 0.4912710189819336
0, Green Channel, 0.48498499393463135
0, Green Channel, 0.6512860059738159
0, Green Channel, 0.4865509271621704
0, Green Channel, 0.5401930809020996
0, Green Channel, 0.5028339624404907
0, Green Channel, 0.485853910446167
0, Green Channel, 0.4910980463027954
0, Green Channel, 0.4872640371322632
0, Green Channel, 0.4915339946746826
0, Green Channel, 0.5052919387817383
0, Green Channel, 0.49129700660705566
0, Green Channel, 0.4950200319290161
0, Green Channel, 0.4889639616012573
0, Green Channel, 0.49587392807006836
0, Green Channel, 0.4867970943450928
0, Green Channel, 0.4871189594268799
0, Green Channel, 0.4900909662246704
0, Green Channel, 0.4848630428314209
0, Green Channel, 0.4880659580230713
0, Green Channel, 0.4844479560852051
0, Green Channel, 0.48458802700042725
0, Green Channel, 0.5035059452056885
0, Green Channel, 0.5013660192489624
0, Green Channel, 0.5076479911804199
0, Green Channel, 0.49499595165252686
0, Green Channel, 0.4932159185409546
0, Green Channel, 0.4860130548477173
0, Green Channel, 0.5530400276184082
0, Green Channel, 0.5021840333938599
0, Green Channel, 0.4882659912109375
0, Green Channel, 0.48432397842407227
0, Green Channel, 0.4862790107727051
0, Green Channel, 0.4899330139160156
0, Green Channel, 0.4914970397949219
0, Green Channel, 0.4857250452041626
0, Green Channel, 0.4834800958633423
0, Green Channel, 0.4902139902114868
0, Green Channel, 0.4931199550628662
0, Green Channel, 0.4872339963912964
0, Green Channel, 0.49220800399780273
0, Green Channel, 0.486348032951355
0, Green Channel, 0.4884970188140869
0, Green Channel, 0.5439119338989258
0, Green Channel, 0.5546499490737915
0, Green Channel, 0.519536018371582
0, Green Channel, 0.495974063873291
0, Green Channel, 0.4937479496002197
0, Green Channel, 0.5530679225921631
0, Green Channel, 0.6123629808425903
0, Green Channel, 0.4921950101852417
0, Green Channel, 0.49404704570770264
0, Green Channel, 0.5073769092559814
0, Green Channel, 0.49834907054901123
0, Green Channel, 0.4863940477371216
0, Green Channel, 0.5258280038833618
0, Green Channel, 0.5463910102844238
0, Green Channel, 0.4962179660797119
0, Green Channel, 0.6056399345397949
0, Green Channel, 0.4977610111236572
0, Green Channel, 0.4862029552459717
0, Green Channel, 0.4880419969558716
0, Green Channel, 0.4952249526977539
0, Green Channel, 0.4898409843444824
0, Green Channel, 0.5088800191879272
0, Green Channel, 0.4953979253768921
0, Green Channel, 0.49990904331207275
0, Green Channel, 0.4958900213241577
0, Green Channel, 0.500891923904419
0, Green Channel, 0.4923769235610962
0, Green Channel, 0.49359607696533203
0, Green Channel, 0.4972189664840698
0, Green Channel, 0.5150959491729736
0, Green Channel, 0.5161759853363037
0, Green Channel, 0.5163530111312866
0, Green Channel, 0.5613629817962646
0, Green Channel, 0.5424920320510864
0, Green Channel, 0.4922149181365967
0, Green Channel, 0.501086950302124
0, Green Channel, 0.4848930835723877
0, Green Channel, 0.49372994899749756
0, Green Channel, 0.4842909574508667
0, Green Channel, 0.500203013420105
0, Green Channel, 0.487557053565979
0, Green Channel, 0.5206679105758667
0, Green Channel, 0.4857419729232788
0, Green Channel, 0.4978780746459961
0, Green Channel, 0.5007109642028809
0, Green Channel, 0.5052120685577393
0, Green Channel, 0.49086105823516846
0, Green Channel, 0.49136602878570557
0, Green Channel, 0.4922569990158081
0, Green Channel, 0.5063910484313965
0, Green Channel, 0.5098419189453125
0, Green Channel, 0.49520599842071533
0, Green Channel, 0.5118840932846069
0, Green Channel, 0.5194640159606934
0, Green Channel, 0.49061501026153564
0, Green Channel, 0.5034589767456055
0, Green Channel, 0.4835571050643921
0, Green Channel, 0.5841718912124634
0, Blue Channel, 0.6713790893554688
0, Blue Channel, 0.5146429538726807
0, Blue Channel, 0.5266690254211426
0, Blue Channel, 0.6130789518356323
0, Blue Channel, 0.5307170152664185
0, Blue Channel, 0.5173250436782837
0, Blue Channel, 0.5569859743118286
0, Blue Channel, 0.4894610643386841
0, Blue Channel, 0.5187469720840454
0, Blue Channel, 0.74201500415802
0, Blue Channel, 0.48986709117889404
0, Blue Channel, 0.48560309410095215
0, Blue Channel, 0.4885619878768921
0, Blue Channel, 0.4939349889755249
0, Blue Channel, 0.5136979818344116
0, Blue Channel, 0.4894629716873169
0, Blue Channel, 0.4929870367050171
0, Blue Channel, 0.48893892765045166
0, Blue Channel, 0.4943588972091675
0, Blue Channel, 0.4848959445953369
0, Blue Channel, 0.49018704891204834
0, Blue Channel, 0.5059599876403809
0, Blue Channel, 0.5423579216003418
0, Blue Channel, 0.499796986579895
0, Blue Channel, 0.4958009719848633
0, Blue Channel, 0.4953489303588867
0, Blue Channel, 0.4895310401916504
0, Blue Channel, 0.4885280132293701
0, Blue Channel, 0.4892430305480957
0, Blue Channel, 0.5269770622253418
0, Blue Channel, 0.8289550542831421
0, Blue Channel, 0.6694810390472412
0, Blue Channel, 0.503282904624939
0, Blue Channel, 0.5108610391616821
0, Blue Channel, 0.4981030225753784
0, Blue Channel, 0.4909629821777344
0, Blue Channel, 0.49037301540374756
0, Blue Channel, 0.49120402336120605
0, Blue Channel, 0.48560309410095215
0, Blue Channel, 0.4906299114227295
0, Blue Channel, 0.494128942489624
0, Blue Channel, 0.5251840353012085
0, Blue Channel, 0.4924039840698242
0, Blue Channel, 0.6036128997802734
0, Blue Channel, 0.5080430507659912
0, Blue Channel, 0.48844802379608154
0, Blue Channel, 0.49357497692108154
0, Blue Channel, 0.5321279764175415
0, Blue Channel, 0.5256980657577515
0, Blue Channel, 0.7314889430999756
0, Blue Channel, 0.6399710178375244
0, Blue Channel, 0.6510510444641113
0, Blue Channel, 0.5573289394378662
0, Blue Channel, 0.7467169761657715
0, Blue Channel, 0.5781320333480835
0, Blue Channel, 0.6314170360565186
0, Blue Channel, 0.5728240013122559
0, Blue Channel, 0.6697930097579956
0, Blue Channel, 0.5054779052734375
0, Blue Channel, 0.5459079742431641
0, Blue Channel, 0.6203790903091431
0, Blue Channel, 0.6547369956970215
0, Blue Channel, 0.8014119863510132
0, Blue Channel, 0.524433970451355
0, Blue Channel, 0.5275928974151611
0, Blue Channel, 0.5048450231552124
0, Blue Channel, 0.500128984451294
0, Blue Channel, 0.5102369785308838
0, Blue Channel, 0.48520004749298096
0, Blue Channel, 0.4855719804763794
0, Blue Channel, 0.4909350872039795
0, Blue Channel, 0.48296499252319336
0, Blue Channel, 0.4905480146408081
0, Blue Channel, 0.485990047454834
0, Blue Channel, 0.48812997341156006
0, Blue Channel, 0.4890589714050293
0, Blue Channel, 0.48875200748443604
0, Blue Channel, 0.5285869836807251
0, Blue Channel, 0.5237720012664795
0, Blue Channel, 0.5128140449523926
0, Blue Channel, 0.6135760545730591
0, Blue Channel, 0.5113919973373413
0, Blue Channel, 0.49449896812438965
0, Blue Channel, 0.5021909475326538
0, Blue Channel, 0.5073070526123047
0, Blue Channel, 0.49282801151275635
0, Blue Channel, 0.5522429943084717
0, Blue Channel, 0.6793420314788818
0, Blue Channel, 0.49452197551727295
0, Blue Channel, 0.49594199657440186
0, Blue Channel, 0.4953550100326538
0, Blue Channel, 0.4961249828338623
0, Blue Channel, 0.48970699310302734
0, Blue Channel, 0.4954119920730591
0, Blue Channel, 0.49786102771759033
0, Blue Channel, 0.49351000785827637
0, Blue Channel, 0.4968010187149048
1, Original, 0.0
1, Original, 0.2656230926513672
1, Original, 0.03289592266082764
1, Original, 0.022668957710266113
1, Original, 0.02104794979095459
1, Original, 0.022453904151916504
1, Original, 0.03323006629943848
1, Original, 0.023720979690551758
1, Original, 0.05376291275024414
1, Original, 0.029857993125915527
1, Original, 0.02924501895904541
1, Original, 0.05649006366729736
1, Original, 0.024910926818847656
1, Original, 0.021914005279541016
1, Original, 0.02200496196746826
1, Original, 0.021908044815063477
1, Original, 0.021506905555725098
1, Original, 0.030012965202331543
1, Original, 0.022634029388427734
1, Original, 0.021617889404296875
1, Original, 0.03862106800079346
1, Original, 0.07528102397918701
1, Original, 0.05630004405975342
1, Original, 0.05219101905822754
1, Original, 0.03656005859375
1, Original, 0.027000904083251953
1, Original, 0.034596920013427734
1, Original, 0.038146018981933594
1, Original, 0.03704392910003662
1, Original, 0.042539000511169434
1, Original, 0.03268003463745117
1, Original, 0.023451924324035645
1, Original, 0.02815091609954834
1, Original, 0.021341919898986816
1, Original, 0.02851998805999756
1, Original, 0.022900938987731934
1, Original, 0.03606903553009033
1, Original, 0.026652932167053223
1, Original, 0.022444963455200195
1, Original, 0.019824981689453125
1, Original, 0.033708930015563965
1, Original, 0.01862204074859619
1, Original, 0.018728017807006836
1, Blue Channel, 0.0626600980758667
1, Blue Channel, 0.02564406394958496
1, Blue Channel, 0.021358966827392578
1, Blue Channel, 0.04053997993469238
1, Blue Channel, 0.07339000701904297
1, Blue Channel, 0.08690106868743896
1, Blue Channel, 0.04673290252685547
1, Blue Channel, 0.07230794429779053
1, Blue Channel, 0.02718198299407959
1, Blue Channel, 0.05037999153137207
1, Blue Channel, 0.060191988945007324
1, Blue Channel, 0.06249499320983887
1, Blue Channel, 0.04210495948791504
1, Blue Channel, 0.04322993755340576
1, Blue Channel, 0.03475797176361084
1, Blue Channel, 0.027141928672790527
1, Blue Channel, 0.030174970626831055
1, Blue Channel, 0.0287400484085083
0, Blue Channel, 0.2990189790725708
0, Blue Channel, 0.9383620023727417
0, Blue Channel, 0.709225058555603
0, Blue Channel, 0.8843110799789429
0, Blue Channel, 0.894821047782898
0, Blue Channel, 0.4916449785232544
0, Blue Channel, 0.4925270080566406
0, Blue Channel, 0.5086860656738281
0, Blue Channel, 0.511538028717041
0, Blue Channel, 0.48798203468322754
0, Blue Channel, 0.6062510013580322
0, Blue Channel, 0.5001430511474609
0, Red Channel, 0.8094120025634766
0, Red Channel, 0.5653140544891357
0, Red Channel, 0.510727047920227
0, Red Channel, 0.4881030321121216
0, Red Channel, 0.48466193675994873
0, Red Channel, 0.4945540428161621
0, Red Channel, 0.48321306705474854
0, Red Channel, 0.48200297355651855
0, Red Channel, 0.4856380224227905
0, Red Channel, 0.5127871036529541
0, Red Channel, 0.48224496841430664
0, Red Channel, 0.5013259649276733
0, Red Channel, 0.4933810234069824
0, Red Channel, 0.5135209560394287
0, Red Channel, 0.49183404445648193
0, Red Channel, 0.5038549900054932
0, Red Channel, 0.5048528909683228
0, Red Channel, 0.602607011795044
0, Red Channel, 0.7461880445480347
0, Red Channel, 0.8151029348373413
0, Red Channel, 0.5953869819641113
0, Red Channel, 0.8183259963989258
0, Red Channel, 0.8367860317230225
0, Red Channel, 0.8555159568786621
0, Red Channel, 0.5309140682220459
0, Red Channel, 0.7643039226531982
0, Red Channel, 0.5359569787979126
0, Blue Channel, 0.7964940071105957
0, Blue Channel, 0.9155169725418091
0, Blue Channel, 0.5986969470977783
0, Blue Channel, 1.8202080726623535
0, Blue Channel, 0.8062050342559814
0, Blue Channel, 1.2130390405654907
0, Blue Channel, 0.5303579568862915
0, Blue Channel, 0.4933040142059326
0, Blue Channel, 0.5666909217834473
0, Blue Channel, 0.6993849277496338
0, Blue Channel, 0.48966002464294434
0, Blue Channel, 0.6602919101715088
0, Blue Channel, 0.5055530071258545
0, Blue Channel, 0.8081760406494141
0, Blue Channel, 0.9170149564743042
0, Blue Channel, 1.0471038818359375
0, Blue Channel, 0.9727839231491089
0, Blue Channel, 0.7927589416503906
0, Blue Channel, 1.1314929723739624
0, Blue Channel, 0.6646629571914673
0, Blue Channel, 0.6874629259109497
0, Blue Channel, 0.8736569881439209
0, Blue Channel, 0.7157559394836426
0, Blue Channel, 0.8394780158996582
0, Blue Channel, 0.6975010633468628
0, Blue Channel, 1.303589940071106
